date,gross,fees,slippage,funding,net
2024-05-27,0.0,-0.0005,-0.0003,-0.0,-0.0007999999999999999
2024-05-28,0.01301267258737463,-0.0,-0.0,-3.5749000000000006e-05,0.01297692358737463
2024-05-29,-0.019418368633717646,-0.0,-0.0,-8.805999999999976e-06,-0.019427174633717646
2024-05-30,-0.011589247411508654,-0.0,-0.0,-1.5114000000000011e-05,-0.011604361411508654
2024-05-31,0.01421870030281971,-0.0,-0.0,1.4528000000000014e-05,0.014233228302819709
2024-06-01,-0.00325304626562084,-0.0,-0.0,2.3404999999999977e-05,-0.00322964126562084
2024-06-02,-0.0012923551766666813,-0.0,-0.0,-9.090000000000003e-06,-0.0013014451766666813
2024-06-03,-0.010539711663107122,-0.00030000000000000003,-0.00018,-1.3014999999999976e-05,-0.011032726663107121
2024-06-04,0.00014521844277324333,-0.0,-0.0,-6.184000000000014e-06,0.00013903444277324332
2024-06-05,-0.0061878517067740614,-0.0,-0.0,3.9365e-05,-0.006148486706774061
2024-06-06,-0.01357108494711953,-0.0,-0.0,-1.911899999999999e-05,-0.013590203947119529
2024-06-07,-0.018971034395402077,-0.0,-0.0,-5.057400000000002e-05,-0.019021608395402078
2024-06-08,-0.013667936217664212,-0.0,-0.0,-5.4342e-05,-0.013722278217664212
2024-06-09,0.01327278441506259,-0.0,-0.0,-3.0000000000000004e-05,0.013242784415062589
2024-06-10,-0.0036245581946380842,-0.0004,-0.00023999999999999998,-3.0371000000000008e-05,-0.004294929194638085
2024-06-11,0.010791361688271365,-0.0,-0.0,3.3121000000000004e-05,0.010824482688271365
2024-06-12,-0.0022418938618518074,-0.0,-0.0,5.212700000000001e-05,-0.0021897668618518075
2024-06-13,-0.004934101196359897,-0.0,-0.0,3.866400000000001e-05,-0.004895437196359897
2024-06-14,0.009271158640385616,-0.0,-0.0,0.000228519,0.009499677640385616
2024-06-15,0.013822701998352884,-0.0,-0.0,1.579499999999999e-05,0.013838496998352885
2024-06-16,0.007167452136081632,-0.0,-0.0,0.00014078900000000002,0.007308241136081631
2024-06-17,-0.0021294331172044714,-0.0006000000000000001,-0.00036,8.259900000000001e-05,-0.0030068341172044717
2024-06-18,0.009112798097322525,-0.0,-0.0,-0.00012784900000000003,0.008984949097322526
2024-06-19,0.005971646324687807,-0.0,-0.0,-6.445999999999999e-05,0.005907186324687807
2024-06-20,-0.011131066688372392,-0.0,-0.0,7.960000000000005e-07,-0.011130270688372391
2024-06-21,0.0074837256115190785,-0.0,-0.0,2.9019999999999997e-05,0.007512745611519079
2024-06-22,0.00782417491733014,-0.0,-0.0,-2.3472e-05,0.00780070291733014
2024-06-23,0.0032253323606410197,-0.0,-0.0,2.9607e-05,0.0032549393606410197
2024-06-24,-0.03364655786187074,-0.0004,-0.00023999999999999998,4.610100000000001e-05,-0.03424045686187074
2024-06-25,0.006254040796409465,-0.0,-0.0,-0.000150077,0.006103963796409465
2024-06-26,0.022396089082929026,-0.0,-0.0,-0.000717549,0.021678540082929024
2024-06-27,0.003971332951045592,-0.0,-0.0,-0.00014129900000000003,0.003830033951045592
2024-06-28,0.01809555722264038,-0.0,-0.0,-8.9766e-05,0.01800579122264038
2024-06-29,0.019445685578933804,-0.0,-0.0,-0.00044879900000000005,0.018996886578933805
2024-06-30,-0.012757208174369485,-0.0,-0.0,-0.0002557180000000001,-0.013012926174369485
2024-07-01,0.016783824662657,-0.0003,-0.00017999999999999998,-0.00021348800000000004,0.016090336662657
2024-07-02,-0.005401100388266045,-0.0,-0.0,-0.000228845,-0.005629945388266045
2024-07-03,0.0016665907509297974,-0.0,-0.0,-3.2584000000000005e-05,0.0016340067509297974
2024-07-04,0.015571500066896725,-0.0,-0.0,-3.624699999999998e-05,0.015535253066896725
2024-07-05,0.04031818485372646,-0.0,-0.0,-0.000354759,0.039963425853726454
2024-07-06,-0.023822945362473712,-0.0,-0.0,-0.0004954579999999999,-0.024318403362473713
2024-07-07,-0.010551822942873823,-0.0,-0.0,-7.434999999999996e-06,-0.010559257942873823
2024-07-08,0.010621827461678314,-0.0002,-0.00011999999999999999,-3.804100000000001e-05,0.010263786461678312
2024-07-09,-0.015001650295798538,-0.0,-0.0,-0.00016608499999999998,-0.015167735295798538
2024-07-10,0.00563462420205071,-0.0,-0.0,-0.00016699000000000003,0.00546763420205071
2024-07-11,0.025571121879839044,-0.0,-0.0,-0.00016341900000000002,0.025407702879839043
2024-07-12,0.00962382216054315,-0.0,-0.0,-0.00022247600000000007,0.009401346160543151
2024-07-13,0.005573343422002963,-0.0,-0.0,-5.0841e-05,0.005522502422002962
2024-07-14,7.966884347432226e-05,-0.0,-0.0,-0.00011049,-3.0821156525677736e-05
2024-07-15,-0.05005866024723703,-0.00039999999999999996,-0.00023999999999999995,-2.455400000000001e-05,-0.050723214247237025
2024-07-16,-0.012020336457923785,-0.0,-0.0,-0.00025067100000000005,-0.012271007457923786
2024-07-17,-0.0051265738386378715,-0.0,-0.0,-0.00023972999999999998,-0.005366303838637871
2024-07-18,0.0027934628363452414,-0.0,-0.0,-0.000137129,0.002656333836345241
2024-07-19,-0.008811700590974124,-0.0,-0.0,-0.0003826000000000001,-0.009194300590974125
2024-07-20,-0.0008848291215686642,-0.0,-0.0,-0.00027976400000000005,-0.0011645931215686642
2024-07-21,0.018072929293432495,-0.0,-0.0,-0.00039353799999999997,0.017679391293432496
2024-07-22,0.01933826412029398,-0.0006000000000000001,-0.00036,-0.00025621000000000004,0.01812205412029398
2024-07-23,-0.013326849899667105,-0.0,-0.0,-0.00012815800000000002,-0.013455007899667104
2024-07-24,0.013771830868700954,-0.0,-0.0,-0.0003494890000000001,0.013422341868700954
2024-07-25,-0.0019306875297323337,-0.0,-0.0,-0.000132465,-0.002063152529732334
2024-07-26,-8.1367614804863e-05,-0.0,-0.0,-3.8422000000000006e-05,-0.000119789614804863
2024-07-27,-0.011690895830413394,-0.0,-0.0,-0.00011579800000000002,-0.011806693830413394
2024-07-28,0.011201323505251506,-0.0,-0.0,-0.000109189,0.011092134505251506
2024-07-29,-0.013041233246075947,-0.0005,-0.0003,-8.9493e-05,-0.013930726246075947
2024-07-30,0.010255718251322687,-0.0,-0.0,-7.003e-05,0.010185688251322687
2024-07-31,0.0018122493367949228,-0.0,-0.0,-6.993200000000001e-05,0.0017423173367949229
2024-08-01,-0.012081731252384388,-0.0,-0.0,-2.664099999999999e-05,-0.012108372252384387
2024-08-02,-0.0036428214023646165,-0.0,-0.0,-2.4615e-05,-0.0036674364023646165
2024-08-03,-0.0037947052647307375,-0.0,-0.0,5.104e-05,-0.0037436652647307375
2024-08-04,-0.0004550120738219376,-0.0,-0.0,-7.489600000000001e-05,-0.0005299080738219375
2024-08-05,0.024192178687726187,-0.0006000000000000001,-0.00036,-0.000158844,0.02307333468772619
2024-08-06,-0.00986232395828694,-0.0,-0.0,-0.0004844080000000001,-0.01034673195828694
2024-08-07,0.027346313476353825,-0.0,-0.0,-0.00024979,0.027096523476353825
2024-08-08,-0.05581053664098522,-0.0,-0.0,-0.000193915,-0.05600445164098522
2024-08-09,0.0015858201072700868,-0.0,-0.0,-6.1147e-05,0.0015246731072700867
2024-08-10,-0.01645470303391161,-0.0,-0.0,-0.000171938,-0.01662664103391161
2024-08-11,0.012683640749203175,-0.0,-0.0,-0.00023494800000000001,0.012448692749203174
2024-08-12,-0.033064920821790356,-0.00039999999999999996,-0.00023999999999999995,-0.000232826,-0.03393774682179035
2024-08-13,-0.009515251799582304,-0.0,-0.0,-3.883199999999999e-05,-0.009554083799582305
2024-08-14,0.01593483941555065,-0.0,-0.0,-0.000161436,0.015773403415550648
2024-08-15,0.016710462725080866,-0.0,-0.0,-0.000137262,0.016573200725080867
2024-08-16,0.013013816474235431,-0.0,-0.0,-0.000337507,0.01267630947423543
2024-08-17,-0.005482256632999937,-0.0,-0.0,-0.00040464300000000005,-0.0058868996329999364
2024-08-18,0.0012476923237817242,-0.0,-0.0,-0.0003198170000000001,0.0009278753237817241
2024-08-19,0.010916064268569559,-0.0002,-0.00011999999999999999,-0.000211308,0.010384756268569557
2024-08-20,-0.0030865718955459423,-0.0,-0.0,-0.000151784,-0.003238355895545942
2024-08-21,-0.010097236764564367,-0.0,-0.0,-2.6623000000000013e-05,-0.010123859764564367
2024-08-22,-0.01249343055291472,-0.0,-0.0,2.5450000000000016e-05,-0.012467980552914721
2024-08-23,-0.03387160235006539,-0.0,-0.0,-0.00013715700000000003,-0.034008759350065386
2024-08-24,-0.02283234229515423,-0.0,-0.0,5.643200000000003e-05,-0.02277591029515423
2024-08-25,0.004418597918469524,-0.0,-0.0,3.4002999999999986e-05,0.0044526009184695245
2024-08-26,0.011221520246163831,-0.0007000000000000002,-0.00042000000000000007,1.6693000000000004e-05,0.01011821324616383
2024-08-27,-0.005546804618669467,-0.0,-0.0,-6.551900000000001e-05,-0.005612323618669467
2024-08-28,-0.010027016474376961,-0.0,-0.0,-0.00012617400000000003,-0.01015319047437696
2024-08-29,-0.007405170505547232,-0.0,-0.0,-6.759400000000002e-05,-0.0074727645055472315
2024-08-30,0.0058459830952798724,-0.0,-0.0,8.583999999999994e-06,0.005854567095279872
2024-08-31,-0.009235933247369677,-0.0,-0.0,4.6145000000000006e-05,-0.009189788247369678
2024-09-01,-0.00878457434393638,-0.0,-0.0,-1.1059999999999999e-05,-0.00879563434393638
2024-09-02,0.019317903170921146,-0.0008000000000000001,-0.00048000000000000007,-2.4504999999999997e-05,0.018013398170921145
2024-09-03,-0.006452609217649641,-0.0,-0.0,-9.807799999999999e-05,-0.006550687217649641
2024-09-04,0.008529189127020699,-0.0,-0.0,-6.7251e-05,0.008461938127020698
2024-09-05,0.005925331504580045,-0.0,-0.0,0.000103134,0.0060284655045800455
2024-09-06,-0.008476368068431595,-0.0,-0.0,2.6281e-05,-0.008450087068431596
2024-09-07,0.003606108157102661,-0.0,-0.0,-1.6381000000000005e-05,0.0035897271571026608
2024-09-08,-0.009808424820009464,-0.0,-0.0,5.9903000000000006e-05,-0.009748521820009464
2024-09-09,-0.006738334741347638,-0.0005,-0.0003,1.6927000000000006e-05,-0.007521407741347639
2024-09-10,0.0003989196925580094,-0.0,-0.0,5.5444999999999995e-05,0.0004543646925580094
2024-09-11,0.007389308848920296,-0.0,-0.0,2.3984e-05,0.007413292848920296
2024-09-12,0.015845998185742706,-0.0,-0.0,2.0852000000000017e-05,0.015866850185742704
2024-09-13,-0.01499096151460003,-0.0,-0.0,8.071100000000002e-05,-0.01491025051460003
2024-09-14,-0.0031371314608162346,-0.0,-0.0,9.208600000000001e-05,-0.0030450454608162347
2024-09-15,0.01816344549275906,-0.0,-0.0,2.424e-06,0.01816586949275906
2024-09-16,-0.0027214889477373268,-0.0005,-0.0003,7.601800000000002e-05,-0.0034454709477373265
2024-09-17,-0.004993968144050233,-0.0,-0.0,4.7394e-05,-0.004946574144050233
2024-09-18,-0.003791235674373472,-0.0,-0.0,0.00017190100000000002,-0.003619334674373472
2024-09-19,-0.00032118223889483375,-0.0,-0.0,0.00010436199999999999,-0.00021682023889483377
2024-09-20,-0.0032602384264333838,-0.0,-0.0,5.7828e-05,-0.0032024104264333835
2024-09-21,-0.0051873319140612,-0.0,-0.0,-1.0148999999999994e-05,-0.0051974809140612
2024-09-22,0.03835714143233937,-0.0,-0.0,1.485800000000001e-05,0.03837199943233937
2024-09-23,-0.012349691791765406,-0.0006000000000000001,-0.00036,-5.0974000000000004e-05,-0.013360665791765406
2024-09-24,0.011643198106734733,-0.0,-0.0,1.8569999999999993e-06,0.011645055106734732
2024-09-25,-0.0002796395917271208,-0.0,-0.0,-1.778800000000001e-05,-0.0002974275917271208
2024-09-26,-0.029110276737423325,-0.0,-0.0,6.105999999999999e-06,-0.029104170737423326
2024-09-27,-0.0015519317998963897,-0.0,-0.0,4.104000000000007e-06,-0.0015478277998963897
2024-09-28,-0.009083522101932761,-0.0,-0.0,-1.6619999999999987e-06,-0.00908518410193276
2024-09-29,0.013331605778346033,-0.0,-0.0,2.4042999999999997e-05,0.013355648778346033
2024-09-30,3.665453581070972e-05,-0.0006000000000000001,-0.00036,3.7429000000000004e-05,-0.0008859164641892905
2024-10-01,0.004496943728193991,-0.0,-0.0,4.8694000000000005e-05,0.004545637728193991
2024-10-02,-0.0051820400724345555,-0.0,-0.0,6.325100000000001e-05,-0.005118789072434555
2024-10-03,-0.03211428258390927,-0.0,-0.0,5.969499999999998e-05,-0.03205458758390927
2024-10-04,0.03290523199887948,-0.0,-0.0,0.00033345700000000006,0.03323868899887948
2024-10-05,-0.017147571073436854,-0.0,-0.0,0.00014897100000000002,-0.016998600073436853
2024-10-06,0.019776238125076916,-0.0,-0.0,0.000202764,0.019979002125076917
2024-10-07,0.008121473055571295,-0.0004,-0.00023999999999999998,0.00020651500000000002,0.007687988055571295
2024-10-08,-0.003447307342884776,-0.0,-0.0,7.129300000000001e-05,-0.003376014342884776
2024-10-09,-0.01449075002740633,-0.0,-0.0,0.000190813,-0.014299937027406331
2024-10-10,-0.02645154222273641,-0.0,-0.0,0.00021419199999999998,-0.026237350222736412
2024-10-11,0.036814648078510384,-0.0,-0.0,-7.2712e-05,0.03674193607851038
2024-10-12,0.017772637453359132,-0.0,-0.0,-2.146000000000003e-06,0.01777049145335913
2024-10-13,-0.002633282040170894,-0.0,-0.0,-2.7927000000000012e-05,-0.0026612090401708943
2024-10-14,0.00477914363776888,-0.0003,-0.00017999999999999998,0.000103135,0.00440227863776888
2024-10-15,-0.0034942122617885644,-0.0,-0.0,6.9771e-05,-0.003424441261788564
2024-10-16,-0.005273503688725358,-0.0,-0.0,-2.557799999999999e-05,-0.005299081688725358
2024-10-17,-0.016288810446873005,-0.0,-0.0,-3.985999999999999e-06,-0.016292796446873006
2024-10-18,0.02245153552760284,-0.0,-0.0,0.000274609,0.02272614452760284
2024-10-19,-0.005764214292687331,-0.0,-0.0,7.312799999999998e-05,-0.0056910862926873316
2024-10-20,-0.016198595413290585,-0.0,-0.0,0.000110658,-0.016087937413290586
2024-10-21,-0.008949685705727437,-0.0006000000000000001,-0.00036,6.926600000000001e-05,-0.009840419705727436
2024-10-22,0.0005787784979207069,-0.0,-0.0,-3.103000000000004e-06,0.0005756754979207069
2024-10-23,0.005640146241377286,-0.0,-0.0,-1.627800000000001e-05,0.005623868241377286
2024-10-24,0.004145203106340945,-0.0,-0.0,-7.406000000000003e-06,0.004137797106340945
2024-10-25,-0.0016830711596646179,-0.0,-0.0,-2.9861000000000004e-05,-0.0017129321596646178
2024-10-26,-0.0016988939964867064,-0.0,-0.0,-0.000136381,-0.0018352749964867065
2024-10-27,0.005367521550271726,-0.0,-0.0,-3.452900000000001e-05,0.005332992550271726
2024-10-28,-0.004329663282134588,-0.0004,-0.00023999999999999998,-7.163600000000002e-05,-0.005041299282134588
2024-10-29,-0.005726328865485943,-0.0,-0.0,5.6273e-05,-0.005670055865485943
2024-10-30,-0.004304698752388291,-0.0,-0.0,0.000162721,-0.00414197775238829
2024-10-31,0.004010133933277405,-0.0,-0.0,0.00032192099999999997,0.004332054933277405
2024-11-01,0.004273032702742152,-0.0,-0.0,0.000239518,0.004512550702742152
2024-11-02,0.006981417146784241,-0.0,-0.0,0.00036588500000000004,0.007347302146784241
2024-11-03,0.004770506292162093,-0.0,-0.0,0.00020229000000000007,0.004972796292162093
2024-11-04,0.010357895437414444,-0.0004,-0.00023999999999999998,-1.8935e-05,0.009698960437414444
2024-11-05,-0.013034069445271478,-0.0,-0.0,4.042699999999999e-05,-0.012993642445271479
2024-11-06,-0.005583117531051321,-0.0,-0.0,6.355000000000003e-05,-0.005519567531051321
2024-11-07,-0.006546370137756786,-0.0,-0.0,5.893299999999999e-05,-0.006487437137756786
2024-11-08,0.019428657244675407,-0.0,-0.0,1.2670000000000013e-05,0.019441327244675406
2024-11-09,-0.08910542277598023,-0.0,-0.0,0.00012098600000000001,-0.08898443677598022
2024-11-10,0.03086671798125707,-0.0,-0.0,0.00018420600000000007,0.03105092398125707
2024-11-11,-0.01194945303178171,-0.0005000000000000001,-0.00030000000000000003,9.792600000000002e-05,-0.01265152703178171
2024-11-12,0.012854350506002763,-0.0,-0.0,0.00015118599999999993,0.013005536506002762
2024-11-13,0.039225210483749426,-0.0,-0.0,2.7913999999999977e-05,0.03925312448374942
2024-11-14,-0.0016713074716035309,-0.0,-0.0,6.747900000000001e-05,-0.0016038284716035308
2024-11-15,0.017333704007957983,-0.0,-0.0,1.0250999999999994e-05,0.017343955007957983
2024-11-16,-0.02098970971914617,-0.0,-0.0,3.4693999999999976e-05,-0.02095501571914617
2024-11-17,0.03725361164512854,-0.0,-0.0,6.564e-06,0.03726017564512854
2024-11-18,-0.020236152186613125,-0.0004,-0.00023999999999999998,2.0050999999999988e-05,-0.020856101186613126
2024-11-19,0.03046987517845891,-0.0,-0.0,-2.7958999999999994e-05,0.03044191617845891
2024-11-20,0.01691596733164925,-0.0,-0.0,-3.364599999999999e-05,0.016882321331649252
2024-11-21,-0.0003630276457421422,-0.0,-0.0,-3.3662e-05,-0.0003966896457421422
2024-11-22,0.017775335726184817,-0.0,-0.0,-7.346400000000003e-05,0.017701871726184818
2024-11-23,0.03110341333753393,-0.0,-0.0,-0.00016584700000000005,0.03093756633753393
2024-11-24,-0.027371985445262016,-0.0,-0.0,3.4545999999999937e-05,-0.027337439445262016
2024-11-25,-0.040030469929332485,-0.0004,-0.00023999999999999998,1.4383999999999991e-05,-0.04065608592933248
2024-11-26,-0.01037019118597,-0.0,-0.0,2.6331000000000003e-05,-0.010343860185970001
2024-11-27,-0.007882221322646776,-0.0,-0.0,4.319700000000001e-05,-0.007839024322646776
2024-11-28,0.009423391397414438,-0.0,-0.0,4.3944e-05,0.009467335397414438
2024-11-29,0.04089661008132692,-0.0,-0.0,-3.0023e-05,0.04086658708132692
2024-11-30,-0.03991102157996804,-0.0,-0.0,7.006399999999997e-05,-0.039840957579968035
2024-12-01,0.043463976062021514,-0.0,-0.0,0.00012272600000000003,0.04358670206202151
2024-12-02,-0.004519385387104072,-0.00030000000000000003,-0.00018,5.5911e-05,-0.004943474387104072
2024-12-03,-0.043742958097491375,-0.0,-0.0,0.000112996,-0.04362996209749138
2024-12-04,-0.01459190292085939,-0.0,-0.0,0.00014391700000000002,-0.01444798592085939
2024-12-05,-0.010808119876901057,-0.0,-0.0,-1.5398999999999925e-05,-0.010823518876901056
2024-12-06,0.0022512633830491955,-0.0,-0.0,-4.5738000000000015e-05,0.0022055253830491955
2024-12-07,0.025735822935129427,-0.0,-0.0,-5.198399999999998e-05,0.025683838935129426
2024-12-08,-0.002088617424551319,-0.0,-0.0,2.9746000000000064e-05,-0.002058871424551319
2024-12-09,0.0009464995395026751,-0.0006000000000000001,-0.00036,-4.500000000000021e-06,-1.8000460497324975e-05
2024-12-10,0.02382926230978917,-0.0,-0.0,0.00016051400000000003,0.02398977630978917
2024-12-11,-0.01622584111541975,-0.0,-0.0,8.2825e-05,-0.01614301611541975
2024-12-12,0.014863521715543847,-0.0,-0.0,4.1230000000000146e-06,0.014867644715543847
2024-12-13,-0.00422593758928368,-0.0,-0.0,-6.235000000000007e-06,-0.00423217258928368
2024-12-14,0.023673346953056163,-0.0,-0.0,4.226999999999999e-06,0.023677573953056162
2024-12-15,0.001436936936787102,-0.0,-0.0,9.189699999999999e-05,0.0015288339367871022
2024-12-16,-0.0014288283300227145,-0.00030000000000000003,-0.00018,0.000256588,-0.0016522403300227146
2024-12-17,-0.008977670465768948,-0.0,-0.0,1.7234999999999993e-05,-0.008960435465768947
2024-12-18,0.007437394550993546,-0.0,-0.0,9.320200000000002e-05,0.007530596550993546
2024-12-19,0.003139515448195955,-0.0,-0.0,0.0004687969999999999,0.003608312448195955
2024-12-20,0.012285354284632819,-0.0,-0.0,0.0005954490000000003,0.012880803284632819
2024-12-21,-0.009722638913638936,-0.0,-0.0,0.00020092599999999998,-0.009521712913638935
2024-12-22,0.004983695996487215,-0.0,-0.0,0.000413796,0.005397491996487215
2024-12-23,0.013666166535532657,-0.0003,-0.00017999999999999998,0.00020666199999999998,0.013392828535532657
2024-12-24,-0.02323812131007115,-0.0,-0.0,9.142000000000002e-05,-0.02314670131007115
2024-12-25,0.0036892057454604903,-0.0,-0.0,0.00021549600000000005,0.0039047017454604902
2024-12-26,-0.0057358270254031386,-0.0,-0.0,0.00012608100000000003,-0.0056097460254031385
2024-12-27,-0.020716178933085177,-0.0,-0.0,0.00014728100000000003,-0.020568897933085178
2024-12-28,0.00922553631395977,-0.0,-0.0,8.276700000000003e-05,0.00930830331395977
2024-12-29,0.005260115271523403,-0.0,-0.0,3.0906999999999994e-05,0.005291022271523403
2024-12-30,-0.0017074074411710606,-0.0005,-0.0003,9.212000000000006e-06,-0.00249819544117106
2024-12-31,-0.0005305591561271536,-0.0,-0.0,0.00011336399999999998,-0.00041719515612715366
2025-01-01,-0.014140962181547059,-0.0,-0.0,6.8509e-05,-0.014072453181547059
2025-01-02,-0.009984210113080573,-0.0,-0.0,5.613300000000001e-05,-0.009928077113080573
2025-01-03,0.010366170762321249,-0.0,-0.0,6.291800000000001e-05,0.010429088762321249
2025-01-04,0.006846037816304618,-0.0,-0.0,5.6142000000000006e-05,0.006902179816304618
2025-01-05,-0.002011182108037801,-0.0,-0.0,5.8753e-05,-0.0019524291080378012
2025-01-06,-0.012495185815541598,-0.00039999999999999996,-0.00023999999999999995,0.00010639700000000002,-0.013028788815541599
2025-01-07,0.007773954700042116,-0.0,-0.0,6.3580000000000025e-06,0.007780312700042116
2025-01-08,0.015119487686627036,-0.0,-0.0,4.4680999999999995e-05,0.015164168686627035
2025-01-09,-0.009645440933132046,-0.0,-0.0,9.657300000000003e-05,-0.009548867933132045
2025-01-10,0.005183218326278883,-0.0,-0.0,0.00021769,0.0054009083262788835
2025-01-11,0.013480389416908935,-0.0,-0.0,0.000146602,0.013626991416908934
2025-01-12,-0.006629003522984056,-0.0,-0.0,-2.6430999999999998e-05,-0.006655434522984056
2025-01-13,0.010340021065810038,-0.0005,-0.0003,1.4985999999999995e-05,0.009555007065810037
2025-01-14,-0.00993288231537184,-0.0,-0.0,-5.386000000000001e-05,-0.00998674231537184
2025-01-15,0.0031237078057783467,-0.0,-0.0,-1.3009000000000014e-05,0.0031106988057783467
2025-01-16,0.004634155182077548,-0.0,-0.0,-0.00010969300000000001,0.004524462182077548
2025-01-17,-0.025067302491515633,-0.0,-0.0,-0.00012518999999999999,-0.025192492491515634
2025-01-18,0.015149089753629878,-0.0,-0.0,-0.00023121900000000004,0.014917870753629879
2025-01-19,-0.02266784144095009,-0.0,-0.0,-5.6868999999999994e-05,-0.02272471044095009
2025-01-20,0.0098930986077874,-0.0005,-0.0003,-0.000143279,0.0089498196077874
2025-01-21,-0.005164248283912732,-0.0,-0.0,-0.00018484100000000004,-0.0053490892839127314
2025-01-22,0.015589157012490378,-0.0,-0.0,-0.00015799299999999996,0.015431164012490377
2025-01-23,-0.0005133892924797153,-0.0,-0.0,-0.00030882199999999994,-0.0008222112924797152
2025-01-24,0.015972170662891652,-0.0,-0.0,-9.9007e-05,0.01587316366289165
2025-01-25,-0.002232241746058138,-0.0,-0.0,-1.7834000000000006e-05,-0.002250075746058138
2025-01-26,0.0038252235642139984,-0.0,-0.0,-0.00014977400000000003,0.0036754495642139983
2025-01-27,0.01608456125407153,-0.0002,-0.00011999999999999999,-0.00024022799999999996,0.01552433325407153
2025-01-28,0.037701580622465834,-0.0,-0.0,-0.00023392700000000004,0.03746765362246583
2025-01-29,-0.0071431826166819656,-0.0,-0.0,-2.3516000000000003e-05,-0.007166698616681966
2025-01-30,-0.01258091322189241,-0.0,-0.0,-0.000131676,-0.01271258922189241
2025-01-31,-0.016754652092415733,-0.0,-0.0,6.702499999999999e-05,-0.016687627092415735
2025-02-01,0.024296773847912824,-0.0,-0.0,-6.492399999999999e-05,0.024231849847912823
2025-02-02,0.03245968103175466,-0.0,-0.0,-3.186500000000001e-05,0.03242781603175466
2025-02-03,-0.014951673643263788,-0.0003,-0.00017999999999999998,-0.0004462739999999999,-0.015877947643263786
2025-02-04,0.008476750407721423,-0.0,-0.0,-0.00010342800000000001,0.008373322407721423
2025-02-05,0.008095130339885692,-0.0,-0.0,-1.4147999999999997e-05,0.008080982339885691
2025-02-06,0.028712486598987588,-0.0,-0.0,-5.6732000000000005e-05,0.028655754598987587
2025-02-07,-0.0014587501047415242,-0.0,-0.0,-0.000341199,-0.0017999491047415242
2025-02-08,-0.023336160177886128,-0.0,-0.0,-0.00041270799999999997,-0.02374886817788613
2025-02-09,0.00992037571279294,-0.0,-0.0,-0.00022398100000000002,0.00969639471279294
2025-02-10,0.0065511902945710855,-0.0005000000000000001,-0.00030000000000000003,-0.000167131,0.005584059294571085
2025-02-11,0.014906957022482084,-0.0,-0.0,-9.600400000000001e-05,0.014810953022482084
2025-02-12,-0.015547672436659643,-0.0,-0.0,-0.000127892,-0.015675564436659642
2025-02-13,-0.00011747388445889706,-0.0,-0.0,-0.00011106800000000003,-0.0002285418844588971
2025-02-14,-0.023730191908546017,-0.0,-0.0,-9.729299999999999e-05,-0.023827484908546016
2025-02-15,0.022608844089154558,-0.0,-0.0,-0.00022212300000000001,0.022386721089154557
2025-02-16,-0.007036181526944795,-0.0,-0.0,-7.2935e-05,-0.007109116526944795
2025-02-17,0.00549422025706573,-0.0002,-0.00011999999999999999,-0.00011867,0.00505555025706573
2025-02-18,0.03448393075705047,-0.0,-0.0,-0.000275089,0.03420884175705047
2025-02-19,0.019726235980317985,-0.0,-0.0,-0.000177109,0.019549126980317983
2025-02-20,-0.023306744306496464,-0.0,-0.0,-0.00012198,-0.023428724306496465
2025-02-21,-0.013163554897013941,-0.0,-0.0,-0.00020482700000000004,-0.013368381897013941
2025-02-22,-0.013787586891637406,-0.0,-0.0,-0.000619893,-0.014407479891637405
2025-02-23,0.013593526270947277,-0.0,-0.0,-0.000189731,0.013403795270947276
2025-02-24,0.026702078991650134,-0.0005,-0.0003,-0.00025264299999999993,0.025649435991650132
2025-02-25,-0.014444771371309808,-0.0,-0.0,-0.00021879900000000002,-0.014663570371309808
2025-02-26,0.006760536480722522,-0.0,-0.0,-3.928000000000002e-05,0.006721256480722522
2025-02-27,-0.0046632094635911565,-0.0,-0.0,-1.5684999999999983e-05,-0.004678894463591156
2025-02-28,-0.016671770829898402,-0.0,-0.0,-3.2078e-05,-0.016703848829898404
2025-03-01,0.01466821040476338,-0.0,-0.0,8.215000000000009e-06,0.01467642540476338
2025-03-02,-0.06202194429766668,-0.0,-0.0,9.0581e-05,-0.06193136329766668
2025-03-03,0.022514594843842002,-0.0007000000000000002,-0.00042000000000000007,4.9715000000000014e-05,0.021444309843842
2025-03-04,-0.009092958013737619,-0.0,-0.0,-5.3552000000000005e-05,-0.009146510013737619
2025-03-05,0.0017659343257330868,-0.0,-0.0,4.858899999999999e-05,0.0018145233257330867
2025-03-06,0.010947159234630511,-0.0,-0.0,3.315100000000001e-05,0.010980310234630511
2025-03-07,-0.01756243827915387,-0.0,-0.0,3.200500000000001e-05,-0.017530433279153868
2025-03-08,0.004708009766582345,-0.0,-0.0,-4.175400000000001e-05,0.004666255766582346
2025-03-09,0.01182498687963083,-0.0,-0.0,-0.000137161,0.01168782587963083
2025-03-10,-0.015747335317422496,-0.0006000000000000001,-0.00036,9.765600000000003e-05,-0.016609679317422493
2025-03-11,-0.02564881688169112,-0.0,-0.0,0.00020624200000000004,-0.025442574881691122
2025-03-12,-0.0371942361230268,-0.0,-0.0,-0.001029954,-0.0382241901230268
2025-03-13,-0.006507119105313433,-0.0,-0.0,-0.000147059,-0.006654178105313433
2025-03-14,-0.01195866758887384,-0.0,-0.0,5.782500000000001e-05,-0.01190084258887384
2025-03-15,-0.00020864290137172486,-0.0,-0.0,3.937999999999995e-06,-0.00020470490137172487
2025-03-16,0.016531104069359093,-0.0,-0.0,4.449299999999999e-05,0.016575597069359092
2025-03-17,-0.02951292675907843,-0.0004,-0.00023999999999999998,6.463600000000001e-05,-0.030088290759078432
2025-03-18,0.01839644207194615,-0.0,-0.0,-3.0447e-05,0.01836599507194615
2025-03-19,-0.018545044618620048,-0.0,-0.0,5.6346e-05,-0.01848869861862005
2025-03-20,0.01036839455978489,-0.0,-0.0,-6.3855e-05,0.01030453955978489
2025-03-21,0.0019660526214858804,-0.0,-0.0,0.00011441899999999999,0.0020804716214858805
2025-03-22,-0.021405291425380345,-0.0,-0.0,9.828600000000003e-05,-0.021307005425380346
2025-03-23,-0.02386926468821548,-0.0,-0.0,9.068000000000002e-05,-0.02377858468821548
2025-03-24,-0.005131320971285391,-0.0005,-0.0003,1.8703999999999986e-05,-0.005912616971285391
2025-03-25,-0.02552076576944743,-0.0,-0.0,4.191600000000002e-05,-0.02547884976944743
2025-03-26,0.00822150093118934,-0.0,-0.0,-0.00016663400000000006,0.00805486693118934
2025-03-27,-0.006746738945888964,-0.0,-0.0,-3.326200000000001e-05,-0.006780000945888964
2025-03-28,0.025488300697488232,-0.0,-0.0,4.7457999999999985e-05,0.025535758697488233
2025-03-29,0.038263863456595784,-0.0,-0.0,-9.5615e-05,0.038168248456595784
2025-03-30,-0.005766861469247187,-0.0,-0.0,-3.668400000000001e-05,-0.005803545469247187
2025-03-31,-0.0027126954699728256,-0.0008,-0.00047999999999999996,-0.000519711,-0.0045124064699728255
2025-04-01,0.007280195949521828,-0.0,-0.0,0.000215501,0.007495696949521828
2025-04-02,-0.008691027639752057,-0.0,-0.0,4.5364e-05,-0.008645663639752056
2025-04-03,-0.0068202508572335905,-0.0,-0.0,0.00012218900000000003,-0.0066980618572335905
2025-04-04,0.011042519077196068,-0.0,-0.0,0.000134789,0.011177308077196068
2025-04-05,-0.008308597396107597,-0.0,-0.0,-1.7339999999999973e-06,-0.008310331396107597
2025-04-06,0.01523465636927315,-0.0,-0.0,0.00013275,0.015367406369273149
2025-04-07,0.0066450670044895365,-0.0005,-0.0003,0.00013707000000000001,0.0059821370044895366
2025-04-08,0.009040377292551305,-0.0,-0.0,3.7865000000000004e-05,0.009078242292551305
2025-04-09,-0.02153436409533452,-0.0,-0.0,-1.736200000000001e-05,-0.02155172609533452
2025-04-10,-0.0018867318911324638,-0.0,-0.0,-3.9569e-05,-0.0019263008911324638
2025-04-11,0.00019347895641686277,-0.0,-0.0,-0.000110094,8.338495641686277e-05
2025-04-12,-0.0005241831514751754,-0.0,-0.0,-0.000166455,-0.0006906381514751754
2025-04-13,0.010511260938453913,-0.0,-0.0,4.386999999999997e-06,0.010515647938453913
2025-04-14,0.011599509895193061,-0.0007000000000000001,-0.00042,-8.9818e-05,0.01038969189519306
2025-04-15,-0.016031709032816668,-0.0,-0.0,0.00011269000000000001,-0.01591901903281667
2025-04-16,-0.0021878075049318723,-0.0,-0.0,-6.104e-05,-0.0022488475049318724
2025-04-17,0.024870107244239707,-0.0,-0.0,-0.00014195900000000001,0.024728148244239707
2025-04-18,0.018945740285896042,-0.0,-0.0,-0.00024319800000000003,0.018702542285896042
2025-04-19,-0.000676417725522739,-0.0,-0.0,-0.0005696930000000002,-0.0012461107255227393
2025-04-20,0.005771768303284419,-0.0,-0.0,1.7634e-05,0.005789402303284419
2025-04-21,0.018768628132594403,-0.0005,-0.0003,3.9208e-05,0.0180078361325944
2025-04-22,0.007377781543605135,-0.0,-0.0,0.000151718,0.007529499543605135
2025-04-23,-0.005645602797922568,-0.0,-0.0,0.00012607500000000004,-0.005519527797922568
2025-04-24,0.008649012869653474,-0.0,-0.0,3.6339999999999994e-05,0.008685352869653473
2025-04-25,0.025430266542428928,-0.0,-0.0,3.790600000000001e-05,0.02546817254242893
2025-04-26,-0.0241539751056736,-0.0,-0.0,0.00038088,-0.0237730951056736
2025-04-27,0.01959742288908023,-0.0,-0.0,0.000247321,0.01984474388908023
2025-04-28,0.019135940820787734,-0.0005,-0.0003,0.000115874,0.01845181482078773
2025-04-29,-0.009373236867325899,-0.0,-0.0,0.000153375,-0.009219861867325898
2025-04-30,0.0018814616681690488,-0.0,-0.0,-1.664499999999999e-05,0.0018648166681690488
2025-05-01,-0.015421667180129574,-0.0,-0.0,-4.4316e-05,-0.015465983180129575
2025-05-02,-0.0008975879321129745,-0.0,-0.0,3.939900000000001e-05,-0.0008581889321129746
2025-05-03,-0.024839094068610137,-0.0,-0.0,-1.5643000000000003e-05,-0.024854737068610137
2025-05-04,-0.011153776508273594,-0.0,-0.0,-2.772899999999999e-05,-0.011181505508273595
2025-05-05,0.0059551261476608625,-0.00030000000000000003,-0.00018,3.3710000000000014e-05,0.005508836147660863
2025-05-06,0.007886499507982049,-0.0,-0.0,-0.000123426,0.0077630735079820485
2025-05-07,0.0014006090708640457,-0.0,-0.0,-4.6739e-05,0.0013538700708640456
2025-05-08,0.033772930374847965,-0.0,-0.0,2.6673999999999996e-05,0.03379960437484796
2025-05-09,-0.011511506078242792,-0.0,-0.0,-2.7884000000000006e-05,-0.011539390078242793
2025-05-10,0.0167059363667348,-0.0,-0.0,-4.2249e-05,0.0166636873667348
2025-05-11,0.0005717266352009741,-0.0,-0.0,-1.7612e-05,0.0005541146352009741
2025-05-12,0.0037731566968435062,-0.0003,-0.00017999999999999998,-2.0382000000000002e-05,0.003272774696843506
2025-05-13,0.02185361084714305,-0.0,-0.0,-3.4888e-05,0.02181872284714305
2025-05-14,-0.007920298152702065,-0.0,-0.0,3.1519999999999996e-05,-0.007888778152702065
2025-05-15,-0.012839934976411692,-0.0,-0.0,-4.393999999999999e-05,-0.012883874976411691
2025-05-16,-0.01094482928258147,-0.0,-0.0,1.3388000000000015e-05,-0.01093144128258147
2025-05-17,-0.007340840837391305,-0.0,-0.0,3.997600000000001e-05,-0.007300864837391305
2025-05-18,0.02715647969961923,-0.0,-0.0,1.8583000000000008e-05,0.02717506269961923
2025-05-19,-0.009025037380252777,-0.0006000000000000001,-0.00036,5.946000000000001e-05,-0.009925577380252775
2025-05-20,0.004938094240664471,-0.0,-0.0,-2.3559999999999974e-06,0.00493573824066447
2025-05-21,-0.0022359066201990676,-0.0,-0.0,2.1995e-05,-0.0022139116201990677
2025-05-22,0.00603692678197309,-0.0,-0.0,1.9166000000000006e-05,0.00605609278197309
2025-05-23,0.002556197940934613,-0.0,-0.0,1.5377000000000005e-05,0.002571574940934613
2025-05-24,0.0036425591690045223,-0.0,-0.0,-4.5291e-05,0.0035972681690045224
2025-05-25,0.00818537407027443,-0.0,-0.0,-5.615099999999999e-05,0.00812922307027443
2025-05-26,0.009260696793482716,-0.0003,-0.00017999999999999998,6.598300000000001e-05,0.008846679793482717
2025-05-27,0.0024962841109505314,-0.0,-0.0,1.7549999999999993e-06,0.0024980391109505314
2025-05-28,0.0016879907865677837,-0.0,-0.0,0.000106317,0.0017943077865677838
2025-05-29,-0.023526872141036492,-0.0,-0.0,0.00011276000000000001,-0.023414112141036492
2025-05-30,-0.01824367959912934,-0.0,-0.0,1.638100000000001e-05,-0.01822729859912934
2025-05-31,0.0006335276593822945,-0.0,-0.0,2.1521999999999988e-05,0.0006550496593822944
2025-06-01,0.007072383468725519,-0.0,-0.0,0.00015576,0.00722814346872552
2025-06-02,0.03941801467843708,-0.0007000000000000002,-0.00042000000000000007,0.00010315200000000002,0.038401166678437085
2025-06-03,0.0018719266115229335,-0.0,-0.0,0.000172248,0.0020441746115229336
2025-06-04,0.016199199981650432,-0.0,-0.0,7.443400000000001e-05,0.016273633981650434
2025-06-05,0.010931475606776354,-0.0,-0.0,-4.778000000000001e-05,0.010883695606776354
2025-06-06,-0.0035367748177735697,-0.0,-0.0,0.00012108600000000003,-0.00341568881777357
2025-06-07,-0.015328592777576412,-0.0,-0.0,0.00013137900000000002,-0.015197213777576412
2025-06-08,-0.0018180527692444606,-0.0,-0.0,0.000234902,-0.0015831507692444606
2025-06-09,-0.0038637556039317527,-0.0002,-0.00011999999999999999,0.00020677300000000002,-0.003976982603931752
2025-06-10,0.0004377995301280591,-0.0,-0.0,0.00017167700000000002,0.0006094765301280591
2025-06-11,0.017344959582527297,-0.0,-0.0,0.000131955,0.017476914582527297
2025-06-12,0.026609910746118126,-0.0,-0.0,0.000110429,0.026720339746118125
2025-06-13,0.013560117085383508,-0.0,-0.0,-9.203500000000004e-05,0.013468082085383507
2025-06-14,-0.004511175361203556,-0.0,-0.0,0.000187978,-0.004323197361203556
2025-06-15,-0.004038733986661868,-0.0,-0.0,8.8659e-05,-0.003950074986661868
2025-06-16,0.010826814838504263,-0.0003,-0.00017999999999999998,-5.165000000000002e-06,0.010341649838504264
2025-06-17,0.023339651320508626,-0.0,-0.0,9.090000000000004e-06,0.023348741320508626
2025-06-18,-0.011386132308279074,-0.0,-0.0,4.0785e-05,-0.011345347308279075
2025-06-19,0.013883958309049184,-0.0,-0.0,1.097500000000001e-05,0.013894933309049184
2025-06-20,0.014025971649756276,-0.0,-0.0,-7.7886e-05,0.013948085649756277
2025-06-21,0.0060060717364369565,-0.0,-0.0,-6.644100000000001e-05,0.005939630736436956
2025-06-22,0.011243201941678792,-0.0,-0.0,-8.356400000000002e-05,0.011159637941678792
2025-06-23,-0.027676198045425517,-0.0002,-0.00011999999999999999,9.1133e-05,-0.027905065045425514
2025-06-24,-0.002288593519985316,-0.0,-0.0,0.00019673300000000002,-0.0020918605199853157
2025-06-25,0.028445808751483996,-0.0,-0.0,0.00012003600000000003,0.028565844751483997
2025-06-26,0.02044625164574977,-0.0,-0.0,-4.568999999999996e-06,0.020441682645749772
2025-06-27,0.0015857776028180511,-0.0,-0.0,5.4696000000000006e-05,0.001640473602818051
2025-06-28,-0.022191235491070316,-0.0,-0.0,0.00012294800000000003,-0.022068287491070315
2025-06-29,-0.001975730340738526,-0.0,-0.0,8.442700000000001e-05,-0.0018913033407385261
2025-06-30,0.01876520826998849,-0.0003,-0.00017999999999999998,2.167400000000001e-05,0.018306882269988486
2025-07-01,0.010898166735252558,-0.0,-0.0,2.2449000000000008e-05,0.010920615735252558
2025-07-02,-0.022499592300707614,-0.0,-0.0,0.000102464,-0.022397128300707614
2025-07-03,-0.003311749240865414,-0.0,-0.0,0.00010658,-0.0032051692408654143
2025-07-04,0.013053738077507603,-0.0,-0.0,5.0336e-05,0.013104074077507603
2025-07-05,0.008308762437383457,-0.0,-0.0,7.953e-05,0.008388292437383456
2025-07-06,-0.004850196539581409,-0.0,-0.0,7.727500000000002e-05,-0.004772921539581409
2025-07-07,0.0012477122411071687,-0.0007000000000000002,-0.00042000000000000007,2.5383000000000004e-05,0.00015309524110716845
2025-07-08,-0.005021591494211596,-0.0,-0.0,3.5079999999999993e-06,-0.005018083494211596
2025-07-09,-0.023200564574772035,-0.0,-0.0,8.884000000000005e-06,-0.023191680574772035
2025-07-10,-0.01881413453800791,-0.0,-0.0,8.3159e-05,-0.01873097553800791
2025-07-11,-0.003074601509051024,-0.0,-0.0,-3.8905e-05,-0.0031135065090510242
2025-07-12,0.021998920745366277,-0.0,-0.0,4.727500000000002e-05,0.022046195745366277
2025-07-13,0.004183119299620586,-0.0,-0.0,0.00011251000000000002,0.004295629299620586
2025-07-14,0.00707487936292025,-0.0006000000000000001,-0.00036,4.1828e-05,0.00615670736292025
2025-07-15,0.014217634247958936,-0.0,-0.0,-0.00012661200000000001,0.014091022247958936
2025-07-16,0.017148816350494412,-0.0,-0.0,-0.00011063500000000001,0.01703818135049441
2025-07-17,0.005215564565304949,-0.0,-0.0,-0.000102488,0.005113076565304949
2025-07-18,-0.018551243906388105,-0.0,-0.0,-0.00010410800000000003,-0.018655351906388104
2025-07-19,0.021946009088053157,-0.0,-0.0,-3.2803e-05,0.021913206088053156
2025-07-20,-0.0019548451631320016,-0.0,-0.0,-4.595600000000001e-05,-0.002000801163132002
2025-07-21,0.016958912326162402,-0.0002,-0.00011999999999999999,9.933000000000001e-06,0.016648845326162405
2025-07-22,0.001259833804014176,-0.0,-0.0,-2.128999999999986e-06,0.0012577048040141759
2025-07-23,-0.03317123766186663,-0.0,-0.0,1.8473999999999973e-05,-0.03315276366186663
2025-07-24,-0.00452678946791597,-0.0,-0.0,0.00019600099999999998,-0.004330788467915969
2025-07-25,0.02521515364669653,-0.0,-0.0,4.055200000000001e-05,0.02525570564669653
2025-07-26,-0.0023288707015822648,-0.0,-0.0,-1.5550000000000005e-05,-0.0023444207015822648
2025-07-27,-0.002660782067930246,-0.0,-0.0,1.7027e-05,-0.002643755067930246
2025-07-28,-0.01394313405228377,-0.0004,-0.00023999999999999998,3.3580000000000007e-06,-0.01457977605228377
2025-07-29,-0.01894164444331933,-0.0,-0.0,5.6999999999999624e-08,-0.01894158744331933
2025-07-30,0.007678334014517119,-0.0,-0.0,5.3365000000000015e-05,0.007731699014517118
2025-07-31,-0.009848166362486612,-0.0,-0.0,0.00012497100000000003,-0.009723195362486612
2025-08-01,0.005016829649473675,-0.0,-0.0,0.00027840800000000006,0.005295237649473675
2025-08-02,-0.015446213046974133,-0.0,-0.0,0.0002758270000000001,-0.015170386046974134
2025-08-03,0.017145949201996795,-0.0,-0.0,0.00026169999999999996,0.017407649201996795
2025-08-04,0.003020863939770147,-0.0006000000000000001,-0.00036,0.00021875800000000005,0.0022796219397701466
2025-08-05,-0.0005109450885905321,-0.0,-0.0,0.00013635500000000003,-0.0003745900885905321
2025-08-06,0.008869004270162696,-0.0,-0.0,0.000196917,0.009065921270162695
2025-08-07,-0.016630925381639218,-0.0,-0.0,6.245000000000004e-06,-0.01662468038163922
2025-08-08,0.006971772843011502,-0.0,-0.0,4.5109e-05,0.007016881843011502
2025-08-09,0.004440128179966541,-0.0,-0.0,0.00018575,0.004625878179966541
2025-08-10,0.010782320105317779,-0.0,-0.0,-2.0727999999999992e-05,0.01076159210531778
2025-08-11,0.0034627004194040627,-0.0005,-0.0003,0.000243406,0.0029061064194040626
2025-08-12,0.006774175174075116,-0.0,-0.0,5.687200000000001e-05,0.006831047174075116
2025-08-13,-0.015247104436329827,-0.0,-0.0,2.4820000000000145e-06,-0.015244622436329828
2025-08-14,0.028389355694182522,-0.0,-0.0,-4.5953000000000005e-05,0.02834340269418252
2025-08-15,-0.021954834730324946,-0.0,-0.0,-7.5053e-05,-0.022029887730324944
2025-08-16,-0.017286889560967335,-0.0,-0.0,-4.665000000000001e-05,-0.017333539560967334
2025-08-17,-0.002900484634993861,-0.0,-0.0,0.00012001100000000003,-0.0027804736349938608
2025-08-18,0.015174066160809041,-0.0006,-0.00035999999999999997,-9.411100000000002e-05,0.014119955160809043
2025-08-19,-0.009548649962996848,-0.0,-0.0,-2.9250000000000033e-06,-0.009551574962996849
2025-08-20,0.009727723223150367,-0.0,-0.0,-5.9073000000000015e-05,0.009668650223150367
2025-08-21,-0.011554283412647349,-0.0,-0.0,8.966000000000002e-06,-0.01154531741264735
2025-08-22,-0.006358728067392572,-0.0,-0.0,-2.0921000000000012e-05,-0.006379649067392572
2025-08-23,0.0024497690654691653,-0.0,-0.0,-0.00017854100000000002,0.0022712280654691654
2025-08-24,0.0011451841802408757,-0.0,-0.0,-4.1494999999999995e-05,0.0011036891802408758
2025-08-25,0.007741824875436867,-0.0004,-0.00023999999999999998,-1.7048000000000003e-05,0.007084776875436866
2025-08-26,-0.01297328693249048,-0.0,-0.0,-4.13e-05,-0.013014586932490479
2025-08-27,-0.005257240242101802,-0.0,-0.0,6.895000000000001e-06,-0.005250345242101802
2025-08-28,-0.02024293436612811,-0.0,-0.0,3.0100999999999995e-05,-0.02021283336612811
2025-08-29,-0.002411169253781554,-0.0,-0.0,3.394900000000001e-05,-0.0023772202537815537
2025-08-30,-0.0044286334896056715,-0.0,-0.0,7.710800000000001e-05,-0.004351525489605671
2025-08-31,0.00012469799063486928,-0.0,-0.0,3.7585e-05,0.00016228299063486928
2025-09-01,-0.0020017503622882147,-0.0006000000000000001,-0.00036,-2.9109999999999997e-05,-0.002990860362288215
2025-09-02,0.00217737734775576,-0.0,-0.0,-1.4696999999999992e-05,0.0021626803477557597
2025-09-03,0.003030521195884006,-0.0,-0.0,2.0348999999999998e-05,0.003050870195884006
2025-09-04,0.013308474890282519,-0.0,-0.0,-9.9234e-05,0.013209240890282518
2025-09-05,-0.014251931662459062,-0.0,-0.0,-1.8197000000000006e-05,-0.014270128662459062
2025-09-06,0.002684701745180251,-0.0,-0.0,-6.648999999999995e-06,0.002678052745180251
2025-09-07,0.0022848410853544164,-0.0,-0.0,2.1621000000000005e-05,0.0023064620853544163
2025-09-08,-0.029934174813256012,-0.0006000000000000001,-0.00036,-2.9421999999999997e-05,-0.030923596813256012
2025-09-09,0.034952532551068484,-0.0,-0.0,-1.5547999999999994e-05,0.03493698455106849
2025-09-10,-0.0017718509488069095,-0.0,-0.0,6.164000000000013e-06,-0.0017656869488069096
2025-09-11,-0.010972568973278064,-0.0,-0.0,7.0183e-05,-0.010902385973278065
2025-09-12,-0.0020316993236736297,-0.0,-0.0,3.2862e-05,-0.00199883732367363
2025-09-13,0.008096468942026602,-0.0,-0.0,8.540600000000002e-05,0.008181874942026601
2025-09-14,0.0247927246835424,-0.0,-0.0,-5.471100000000001e-05,0.0247380136835424
2025-09-15,0.0016003549225923953,-0.0004,-0.00023999999999999998,0.00018238600000000004,0.0011427409225923954
2025-09-16,-0.01138145075830338,-0.0,-0.0,-0.000124421,-0.01150587175830338
2025-09-17,0.008677730221092571,-0.0,-0.0,-3.6467e-05,0.008641263221092571
2025-09-18,-0.0109927648503916,-0.0,-0.0,-2.131900000000001e-05,-0.0110140838503916
2025-09-19,-0.0006023407378551123,-0.0,-0.0,-0.00014476200000000002,-0.0007471027378551123
2025-09-20,-0.005397299884222094,-0.0,-0.0,-9.7604e-05,-0.005494903884222095
2025-09-21,-0.009909183630563168,-0.0,-0.0,-7.551300000000001e-05,-0.009984696630563167
2025-09-22,-0.004404421995963989,-0.0005000000000000001,-0.00030000000000000003,-0.000122392,-0.005326813995963989
2025-09-23,0.00015485070481060462,-0.0,-0.0,-0.00016211500000000006,-7.2642951893954325e-06
2025-09-24,-0.004748913539263889,-0.0,-0.0,-0.00014275300000000002,-0.004891666539263889
2025-09-25,-0.009779233622784583,-0.0,-0.0,2.197999999999995e-06,-0.009777035622784582
2025-09-26,-0.009270872964563392,-0.0,-0.0,-6.313999999999994e-06,-0.009277186964563392
2025-09-27,0.007721212265288236,-0.0,-0.0,3.207999999999987e-06,0.007724420265288236
2025-09-28,0.013890701996557776,-0.0,-0.0,5.229000000000014e-06,0.013895930996557776
2025-09-29,-0.005039329406777625,-0.0002,-0.00011999999999999999,-0.000152892,-0.005512221406777625
2025-09-30,0.0032982012603653076,-0.0,-0.0,-1.3233999999999999e-05,0.0032849672603653076
2025-10-01,0.011715918404965775,-0.0,-0.0,4.5429e-05,0.011761347404965775
2025-10-02,0.00011542966876292374,-0.0,-0.0,-1.2773000000000001e-05,0.00010265666876292374
2025-10-03,0.015006454388126358,-0.0,-0.0,-2.8715000000000002e-05,0.014977739388126358
2025-10-04,-0.0010350081535639407,-0.0,-0.0,1.396100000000001e-05,-0.0010210471535639406
2025-10-05,-0.0012890946096530964,-0.0,-0.0,5.9675000000000014e-05,-0.0012294196096530965
2025-10-06,-0.012682060043987786,-0.0006000000000000001,-0.00036,6.2099999999999964e-06,-0.013635850043987785
2025-10-07,0.014889703358271472,-0.0,-0.0,6.9880000000000015e-06,0.014896691358271472
2025-10-08,0.029657569305866573,-0.0,-0.0,-8.9429e-05,0.029568140305866575
2025-10-09,0.06068708646070212,-0.0,-0.0,3.934600000000002e-05,0.06072643246070212
2025-10-10,0.08718645067045522,-0.0,-0.0,-1.0963999999999999e-05,0.08717548667045522
2025-10-11,0.034738251704075275,-0.0,-0.0,-0.0005784740000000002,0.03415977770407527
2025-10-12,-0.043291470175430405,-0.0,-0.0,-0.00023400700000000002,-0.043525477175430406
2025-10-13,-0.022465634729790275,-0.0004,-0.00023999999999999998,-0.00012463899999999998,-0.023230273729790276
2025-10-14,0.017581532851824292,-0.0,-0.0,-1.832e-05,0.017563212851824293
2025-10-15,0.0001711401612453419,-0.0,-0.0,-0.00018466299999999995,-1.3522838754658037e-05
2025-10-16,0.0025965457265045046,-0.0,-0.0,-0.00017931500000000007,0.0024172307265045044
2025-10-17,-0.001800771511859766,-0.0,-0.0,-0.00016384399999999999,-0.001964615511859766
2025-10-18,-0.01253398479944008,-0.0,-0.0,4.6229e-05,-0.01248775579944008
2025-10-19,0.005893489773164675,-0.0,-0.0,5.918100000000001e-05,0.005952670773164675
2025-10-20,0.021960803612332436,-0.0001,-5.9999999999999995e-05,-0.00011390699999999998,0.021686896612332435
2025-10-21,0.004462675177521003,-0.0,-0.0,-1.489e-05,0.004447785177521003
2025-10-22,0.00814862078036843,-0.0,-0.0,3.3353000000000004e-05,0.00818197378036843
2025-10-23,-0.006997646607051109,-0.0,-0.0,5.5222999999999996e-05,-0.006942423607051109
2025-10-24,-0.006719834225782352,-0.0,-0.0,0.000258607,-0.006461227225782352
2025-10-25,0.004440090493000282,-0.0,-0.0,0.000160239,0.004600329493000282
2025-10-26,-0.006364209368058635,-0.0,-0.0,0.00011885300000000001,-0.0062453563680586344
2025-10-27,0.02522879687740485,-0.00030000000000000003,-0.00018,3.342900000000001e-05,0.02478222587740485
2025-10-28,0.012724852196267377,-0.0,-0.0,-1.0862000000000002e-05,0.012713990196267377
2025-10-29,0.0010799956652767125,-0.0,-0.0,0.00013327100000000002,0.0012132666652767124
2025-10-30,0.03269537595220583,-0.0,-0.0,0.00010331400000000002,0.03279868995220583
2025-10-31,0.01645052983131736,-0.0,-0.0,0.00029653400000000004,0.01674706383131736
2025-11-01,-0.011294604389908602,-0.0,-0.0,0.000539331,-0.010755273389908601
2025-11-02,0.0013782180553664645,-0.0,-0.0,0.000388679,0.0017668970553664646
2025-11-03,0.045827135058159926,-0.0006000000000000001,-0.00036,0.00023928,0.045106415058159925
2025-11-04,0.0017395289212671873,-0.0,-0.0,0.00030716300000000005,0.0020466919212671873
2025-11-05,-0.01067101336373043,-0.0,-0.0,0.000457017,-0.010213996363730429
2025-11-06,0.017555082280631518,-0.0,-0.0,0.000901197,0.018456279280631517
2025-11-07,0.001153917161340702,-0.0,-0.0,0.0006537579999999999,0.001807675161340702
2025-11-08,-0.019150625417816227,-0.0,-0.0,2.1445999999999987e-05,-0.019129179417816226
2025-11-09,0.004240101826124598,-0.0,-0.0,0.000184333,0.004424434826124598
2025-11-10,-0.020894839505240372,-0.0006000000000000001,-0.00036,4.924399999999999e-05,-0.02180559550524037
2025-11-11,-0.00265471251955832,-0.0,-0.0,-0.000209249,-0.00286396151955832
2025-11-12,0.017388224526037888,-0.0,-0.0,-0.00028096200000000005,0.01710726252603789
2025-11-13,0.022251814200346057,-0.0,-0.0,-0.000220189,0.02203162520034606
2025-11-14,0.035844190701229905,-0.0,-0.0,-0.00031546,0.03552873070122991
2025-11-15,0.016206340073950512,-0.0,-0.0,3.4668999999999976e-05,0.016241009073950513
2025-11-16,0.0007573240028985067,-0.0,-0.0,9.313700000000001e-05,0.0008504610028985067
2025-11-17,0.004505594286349191,-0.0003,-0.00017999999999999998,0.000153033,0.004178627286349192
2025-11-18,-0.00771369441909835,-0.0,-0.0,4.871300000000002e-05,-0.00766498141909835
2025-11-19,0.012792724114297594,-0.0,-0.0,0.00021762400000000003,0.013010348114297594
2025-11-20,-0.0013325128693715159,-0.0,-0.0,0.000161981,-0.0011705318693715158
2025-11-21,0.00958296490883936,-0.0,-0.0,-3.1232000000000015e-05,0.00955173290883936
2025-11-22,0.003951805331641077,-0.0,-0.0,-7.605300000000001e-05,0.0038757523316410767
2025-11-23,0.0041191746180843,-0.0,-0.0,2.5321999999999986e-05,0.0041444966180843
2025-11-24,-0.04406618142570019,-0.0004,-0.00023999999999999998,0.00016556600000000002,-0.04454061542570019
2025-11-25,-0.01068738991169873,-0.0,-0.0,0.000106734,-0.01058065591169873
2025-11-26,0.006404823871092702,-0.0,-0.0,4.238400000000002e-05,0.006447207871092702
2025-11-27,-0.007284307793898248,-0.0,-0.0,0.000209615,-0.007074692793898248
2025-11-28,-0.01074355274644614,-0.0,-0.0,9.1802e-05,-0.010651750746446139
2025-11-29,0.008997000152638003,-0.0,-0.0,2.438200000000001e-05,0.009021382152638003
2025-11-30,0.0073587135061741185,-0.0,-0.0,0.000159425,0.007518138506174119
2025-12-01,-0.018177507238872626,-0.0006000000000000001,-0.00036,-8.351300000000001e-05,-0.019221020238872625
2025-12-02,-0.011576368330392097,-0.0,-0.0,0.00011105400000000002,-0.011465314330392098
2025-12-03,-0.0060966985729919865,-0.0,-0.0,7.115600000000001e-05,-0.006025542572991986
2025-12-04,-0.019538093679088476,-0.0,-0.0,-1.4340000000000137e-06,-0.019539527679088477
2025-12-05,0.003098646361365619,-0.0,-0.0,-0.00012073199999999997,0.0029779143613656188
2025-12-06,-0.007597304243593939,-0.0,-0.0,0.000149039,-0.007448265243593939
2025-12-07,0.013817485575373769,-0.0,-0.0,0.000198205,0.014015690575373769
2025-12-08,-0.04542012823859555,-0.0007000000000000002,-0.00042000000000000007,7.877599999999999e-05,-0.046461352238595544
2025-12-09,0.01337339143533708,-0.0,-0.0,-0.00017917500000000009,0.01319421643533708
2025-12-10,0.0020074758403950434,-0.0,-0.0,5.090100000000003e-05,0.0020583768403950433
2025-12-11,0.008957078270621463,-0.0,-0.0,-5.286799999999998e-05,0.008904210270621464
2025-12-12,-0.004497260362030766,-0.0,-0.0,-0.0006294200000000001,-0.005126680362030766
2025-12-13,-0.0005605600093142706,-0.0,-0.0,-0.00046193600000000003,-0.0010224960093142706
2025-12-14,0.005971464216787915,-0.0,-0.0,-0.00019406499999999997,0.005777399216787915
2025-12-15,-0.004574127649203209,-0.0002,-0.00011999999999999999,-7.813899999999999e-05,-0.004972266649203209
2025-12-16,0.007411785854695719,-0.0,-0.0,-8.510000000000001e-05,0.007326685854695719
2025-12-17,0.013275962552429809,-0.0,-0.0,-2.5278999999999993e-05,0.01325068355242981
2025-12-18,-0.003285752937254226,-0.0,-0.0,3.6102e-05,-0.003249650937254226
2025-12-19,-0.0160452925406388,-0.0,-0.0,-6.710999999999997e-06,-0.0160520035406388
2025-12-20,0.03014692860846848,-0.0,-0.0,-4.9584999999999994e-05,0.03009734360846848
2025-12-21,-0.017305550062040154,-0.0,-0.0,-0.00010304500000000001,-0.017408595062040153
2025-12-22,0.016697530531481774,-0.0006,-0.00035999999999999997,-1.2209999999999986e-05,0.015725320531481776
2025-12-23,0.011825144779811383,-0.0,-0.0,-4.223199999999999e-05,0.011782912779811383
2025-12-24,-0.0057189857535314146,-0.0,-0.0,-6.523e-05,-0.005784215753531415
2025-12-25,-0.017513130931679423,-0.0,-0.0,-2.3291e-05,-0.017536421931679425
2025-12-26,-0.021787765724569242,-0.0,-0.0,1.7762e-05,-0.02177000372456924
2025-12-27,0.009964547538724134,-0.0,-0.0,4.4168e-05,0.010008715538724134
2025-12-28,0.013370820220020575,-0.0,-0.0,1.4138999999999998e-05,0.013384959220020575
2025-12-29,0.002081430410815289,-0.00030000000000000003,-0.00018,0.00010345600000000001,0.001704886410815289
2025-12-30,-0.0011513837585029327,-0.0,-0.0,-4.759999999999988e-06,-0.0011561437585029327
2025-12-31,0.004063067308631687,-0.0,-0.0,-2.9819999999999657e-06,0.004060085308631687
2026-01-01,-0.02464802834247327,-0.0,-0.0,6.0372999999999986e-05,-0.024587655342473272
2026-01-02,-0.030787077495022533,-0.0,-0.0,0.00030835400000000005,-0.030478723495022533
2026-01-03,0.018349853666403893,-0.0,-0.0,0.000121468,0.018471321666403893
2026-01-04,-0.01646143859077822,-0.0,-0.0,1.4050000000000314e-06,-0.01646003359077822
2026-01-05,-0.017917143987691543,-0.0005,-0.0003,9.1521e-05,-0.018625622987691545
2026-01-06,-0.029095402434793048,-0.0,-0.0,3.9988e-05,-0.029055414434793047
2026-01-07,0.015397851797471735,-0.0,-0.0,1.9331000000000002e-05,0.015417182797471734
2026-01-08,-0.018328511591587063,-0.0,-0.0,2.6368999999999998e-05,-0.018302142591587064
2026-01-09,-0.016420186519792778,-0.0,-0.0,7.4995e-05,-0.016345191519792777
2026-01-10,-0.01576803855182044,-0.0,-0.0,-3.4937999999999997e-05,-0.015802976551820443
2026-01-11,-0.006496407768686551,-0.0,-0.0,4.5903000000000004e-05,-0.006450504768686551
2026-01-12,0.0041174041614161485,-0.0005,-0.0003,2.6234000000000003e-05,0.0033436381614161486
2026-01-13,0.02971325117059965,-0.0,-0.0,6.909900000000001e-05,0.029782350170599648
2026-01-14,-0.009298007323806735,-0.0,-0.0,7.6656e-05,-0.009221351323806736
2026-01-15,-0.001731287656477131,-0.0,-0.0,6.8029e-05,-0.001663258656477131
2026-01-16,0.00029881709086764245,-0.0,-0.0,-4.7676999999999984e-05,0.00025114009086764247
2026-01-17,-0.007776242824914381,-0.0,-0.0,9.824999999999981e-06,-0.007766417824914381
2026-01-18,-0.014781027424645456,-0.0,-0.0,0.00012379300000000003,-0.014657234424645456
2026-01-19,0.008209137377221797,-0.0002,-0.00011999999999999999,7.275600000000002e-05,0.007961893377221797
2026-01-20,-0.019070145446263634,-0.0,-0.0,-7.9615e-05,-0.019149760446263635
2026-01-21,0.010207717119039582,-0.0,-0.0,-4.849899999999999e-05,0.010159218119039581
2026-01-22,-0.005463545478589328,-0.0,-0.0,6.911100000000001e-05,-0.005394434478589328
2026-01-23,2.5106181837396052e-05,-0.0,-0.0,-7.035199999999999e-05,-4.524581816260394e-05
2026-01-24,0.0020981081096856824,-0.0,-0.0,-1.0880000000000004e-05,0.0020872281096856824
2026-01-25,0.0006416612550469991,-0.0,-0.0,-3.0513e-05,0.0006111482550469991
2026-01-26,-0.0060009845950175,-0.0007,-0.00041999999999999996,5.237900000000001e-05,-0.0070686055950175
2026-01-27,0.010886519366536727,-0.0,-0.0,4.6579999999999984e-06,0.010891177366536726
2026-01-28,0.008594200445655443,-0.0,-0.0,1.201000000000005e-06,0.008595401445655442
2026-01-29,0.004544703568500486,-0.0,-0.0,-3.7159999999999997e-05,0.004507543568500486
2026-01-30,-0.001099005107576644,-0.0,-0.0,8.113700000000002e-05,-0.0010178681075766439
2026-01-31,0.01911568103918081,-0.0,-0.0,-8.131999999999986e-06,0.01910754903918081
2026-02-01,-0.016505099167927008,-0.0,-0.0,2.4695000000000007e-05,-0.016480404167927006
2026-02-02,0.0016416896276072127,-0.0005000000000000001,-0.00030000000000000003,9.456500000000001e-05,0.0009362546276072127
2026-02-03,0.011973823936300022,-0.0,-0.0,-0.000131808,0.011842015936300021
2026-02-04,7.954403393860884e-05,-0.0,-0.0,2.405100000000001e-05,0.00010359503393860884
2026-02-05,-0.0010324720903150623,-0.0,-0.0,-4.8950000000000004e-05,-0.0010814220903150624
2026-02-06,-0.01803515922983209,-0.0,-0.0,-0.00034485,-0.01838000922983209
2026-02-07,0.0013853321583141337,-0.0,-0.0,1.8414999999999992e-05,0.0014037471583141336
2026-02-08,0.019757682480540606,-0.0,-0.0,-0.0005508010000000001,0.019206881480540606
2026-02-09,0.002848147824739145,-0.0004,-0.00023999999999999998,-0.00013523200000000002,0.002072915824739145
2026-02-10,0.0001691021895257258,-0.0,-0.0,-0.00011297000000000002,5.6132189525725785e-05
2026-02-11,0.015510300569220627,-0.0,-0.0,-0.00010325500000000003,0.015407045569220627
2026-02-12,-0.01707651243380357,-0.0,-0.0,-4.793000000000001e-05,-0.017124442433803573
2026-02-13,0.003722559677842411,-0.0,-0.0,-0.000184412,0.003538147677842411
2026-02-14,-0.010899651515882269,-0.0,-0.0,-0.00020126299999999995,-0.011100914515882269
2026-02-15,0.011634150720350789,-0.0,-0.0,-0.000390568,0.011243582720350788
2026-02-16,-0.0067485237696732325,-0.0004,-0.00023999999999999998,-0.0007672830000000001,-0.008155806769673233
2026-02-17,-0.00473657470886556,-0.0,-0.0,-4.266900000000001e-05,-0.004779243708865561
2026-02-18,-0.015617426139855686,-0.0,-0.0,-7.900000000000002e-05,-0.015696426139855685
2026-02-19,0.000404197475353329,-0.0,-0.0,-0.000121693,0.000282504475353329
2026-02-20,-0.004258391014586605,-0.0,-0.0,-0.000105036,-0.004363427014586605
2026-02-21,-0.006684124632065103,-0.0,-0.0,-9.65600000000001e-06,-0.006693780632065103
2026-02-22,-0.0037888306110650197,-0.0,-0.0,0.00042811799999999996,-0.00336071261106502
2026-02-23,-0.013634019287723644,-0.0004,-0.00023999999999999998,-2.243800000000003e-05,-0.014296457287723644
2026-02-24,0.00486424316869153,-0.0,-0.0,1.079999999999952e-07,0.004864351168691531
2026-02-25,-0.02414551305730164,-0.0,-0.0,-4.785000000000001e-05,-0.024193363057301638
2026-02-26,-0.0018414237155671143,-0.0,-0.0,-2.9520000000000016e-06,-0.0018443757155671143
2026-02-27,0.00927316394235549,-0.0,-0.0,1.3189000000000012e-05,0.00928635294235549
2026-02-28,-0.009793919875663236,-0.0,-0.0,-0.0008990970000000002,-0.010693016875663236
2026-03-01,-0.009033095900319544,-0.0,-0.0,-0.000962111,-0.009995206900319544
2026-03-02,-0.02129881242359786,-0.0007000000000000001,-0.00042,-0.000298374,-0.02271718642359786
2026-03-03,-0.012230201856287225,-0.0,-0.0,-0.00010002999999999999,-0.012330231856287224
2026-03-04,-0.02568689979830742,-0.0,-0.0,2.9732999999999998e-05,-0.02565716679830742
2026-03-05,0.006011398107961297,-0.0,-0.0,1.4186000000000003e-05,0.0060255841079612975
2026-03-06,0.018349388859264727,-0.0,-0.0,6.528300000000002e-05,0.018414671859264726
2026-03-07,0.01127650484105136,-0.0,-0.0,-7.534e-05,0.01120116484105136
2026-03-08,0.0031664307127803773,-0.0,-0.0,0.00029661600000000003,0.0034630467127803773
2026-03-09,-0.001284094006183835,-0.00030000000000000003,-0.00018,-0.00021968600000000005,-0.0019837800061838352
2026-03-10,-0.0061901137198200114,-0.0,-0.0,-5.4235000000000005e-05,-0.006244348719820011
2026-03-11,0.004298493663542656,-0.0,-0.0,-0.00014993,0.004148563663542656
2026-03-12,0.00558405752311344,-0.0,-0.0,-2.667000000000007e-06,0.00558139052311344
2026-03-13,-0.014023231317596918,-0.0,-0.0,0.00011026900000000002,-0.013912962317596918
2026-03-14,0.0012936062056850047,-0.0,-0.0,-0.0001167,0.0011769062056850048
2026-03-15,-0.016278752496611818,-0.0,-0.0,0.00027360700000000004,-0.01600514549661182
2026-03-16,-0.029416834541651934,-0.0005,-0.0003,2.9316000000000002e-05,-0.030187518541651935
2026-03-17,0.008091274517789205,-0.0,-0.0,2.993e-05,0.008121204517789204
2026-03-18,0.012883253564199549,-0.0,-0.0,-1.711200000000002e-05,0.01286614156419955
2026-03-19,0.01374934179054119,-0.0,-0.0,4.8859e-05,0.01379820079054119
2026-03-20,0.0017192416969166275,-0.0,-0.0,-4.1242000000000016e-05,0.0016779996969166276
2026-03-21,0.002912009412312588,-0.0,-0.0,5.7282000000000005e-05,0.002969291412312588
2026-03-22,-0.005146776130128374,-0.0,-0.0,-6.167299999999999e-05,-0.005208449130128374
2026-03-23,0.0033252018160746947,-0.0005000000000000001,-0.00030000000000000003,9.9575e-05,0.002624776816074695
2026-03-24,0.013036974905014546,-0.0,-0.0,7.8823e-05,0.013115797905014546
2026-03-25,-0.0005641610328511516,-0.0,-0.0,0.00046629600000000005,-9.786503285115153e-05
2026-03-26,0.009631676818422552,-0.0,-0.0,-4.2581000000000004e-05,0.009589095818422553
2026-03-27,0.006338991225715098,-0.0,-0.0,-2.5405000000000005e-05,0.006313586225715098
2026-03-28,-0.00457994239682331,-0.0,-0.0,0.00018089900000000004,-0.00439904339682331
2026-03-29,-0.003904588331327573,-0.0,-0.0,0.000288022,-0.003616566331327573
2026-03-30,-0.005585388245197554,-0.0004,-0.00023999999999999998,9.676900000000001e-05,-0.006128619245197554
2026-03-31,-0.004866857338547628,-0.0,-0.0,-2.4579000000000003e-05,-0.004891436338547628
2026-04-01,-0.0022277017861291326,-0.0,-0.0,-7.924500000000002e-05,-0.0023069467861291325
2026-04-02,0.0012501984765370348,-0.0,-0.0,3.251199999999996e-05,0.0012827104765370347
2026-04-03,0.002806849409408264,-0.0,-0.0,-0.000199193,0.002607656409408264
2026-04-04,0.008357396859687005,-0.0,-0.0,-7.919700000000001e-05,0.008278199859687006
2026-04-05,0.010110731386749738,-0.0,-0.0,-0.0009410209999999999,0.009169710386749737
2026-04-06,-0.005315133444412335,-0.0004,-0.00023999999999999998,-5.539099999999999e-05,-0.006010524444412335
2026-04-07,0.015618375432838574,-0.0,-0.0,0.00018541400000000004,0.015803789432838573
2026-04-08,0.014084440204337157,-0.0,-0.0,0.00020527100000000003,0.014289711204337157
2026-04-09,0.009097329880450124,-0.0,-0.0,0.00024926,0.009346589880450123
2026-04-10,-0.01858765517616843,-0.0,-0.0,0.0005200700000000001,-0.018067585176168428
2026-04-11,-0.00046260312787187565,-0.0,-0.0,0.00020534400000000005,-0.0002572591278718756
2026-04-12,-0.0015634676628673238,-0.0,-0.0,-0.000642576,-0.002206043662867324
2026-04-13,-0.027044642812292533,-0.0004,-0.00023999999999999998,-0.000953388,-0.028638030812292534
2026-04-14,-0.0009988873537674185,-0.0,-0.0,7.473799999999999e-05,-0.0009241493537674185
2026-04-15,-0.007173129581188654,-0.0,-0.0,0.00010161300000000002,-0.0070715165811886535
2026-04-16,-0.027988140473456994,-0.0,-0.0,0.00018561100000000002,-0.027802529473456995
2026-04-17,0.01915934162379367,-0.0,-0.0,1.8002e-05,0.01917734362379367
2026-04-18,0.01319140491173899,-0.0,-0.0,-0.000347412,0.01284399291173899
2026-04-19,-0.00196159491490463,-0.0,-0.0,-0.0006997640000000002,-0.0026613589149046303
2026-04-20,0.00024258949764764974,-0.0002,-0.00011999999999999999,-0.001963092,-0.0020405025023523503
2026-04-21,-0.002090976457536021,-0.0,-0.0,-0.00033913500000000007,-0.0024301114575360208
2026-04-22,-0.006800852028496785,-0.0,-0.0,-0.00016599300000000002,-0.006966845028496785
2026-04-23,0.003001150275562037,-0.0,-0.0,-0.00016335,0.002837800275562037
2026-04-24,0.006841432813534387,-0.0,-0.0,-0.000101673,0.006739759813534387
2026-04-25,0.0009303730773194358,-0.0,-0.0,1.0721e-05,0.0009410940773194358
2026-04-26,-0.004163167631315345,-0.0,-0.0,-0.000493862,-0.0046570296313153455
2026-04-27,-0.0006591100262884896,-0.0004,-0.00023999999999999998,-0.00022433999999999998,-0.0015234500262884896
2026-04-28,-0.018969031551708027,-0.0,-0.0,5.7808e-05,-0.018911223551708028
2026-04-29,0.007294998138825113,-0.0,-0.0,4.9313000000000014e-05,0.007344311138825113
2026-04-30,0.004630616758274619,-0.0,-0.0,6.147100000000001e-05,0.0046920877582746195
2026-05-01,0.006498079999005403,-0.0,-0.0,0.00010414300000000001,0.006602222999005403
2026-05-02,-0.005412820235826021,-0.0,-0.0,5.175999999999999e-05,-0.005361060235826021
2026-05-03,0.006884630907398027,-0.0,-0.0,0.000215044,0.007099674907398027
2026-05-04,0.007724409097194306,-0.0008,-0.00047999999999999996,0.000123397,0.006567806097194306
2026-05-05,0.008081556279630418,-0.0,-0.0,-0.000106182,0.007975374279630418
2026-05-06,-0.008255902487820502,-0.0,-0.0,-0.000311868,-0.008567770487820502
2026-05-07,0.0011692941297138052,-0.0,-0.0,-0.00011188799999999998,0.0010574061297138051
2026-05-08,-0.0035922969157525346,-0.0,-0.0,-0.000127731,-0.0037200279157525344
2026-05-09,-0.002408236928353069,-0.0,-0.0,-0.00014078999999999999,-0.002549026928353069
2026-05-10,0.0007391385031874412,-0.0,-0.0,-0.0009738789999999999,-0.00023474049681255864
2026-05-11,0.012288138708950425,-0.0005000000000000001,-0.00030000000000000003,-0.000858959,0.010629179708950425
2026-05-12,0.00014898930305581306,-0.0,-0.0,-5.681999999999992e-06,0.00014330730305581307
2026-05-13,-0.010466287343896553,-0.0,-0.0,-1.7872000000000008e-05,-0.010484159343896553
2026-05-14,-0.0010966672196163199,-0.0,-0.0,5.2229000000000004e-05,-0.0010444382196163199
2026-05-15,-0.011031821332311597,-0.0,-0.0,0.00022070800000000004,-0.010811113332311597
2026-05-16,-0.006203517448831199,-0.0,-0.0,-2.1251000000000004e-05,-0.006224768448831199
2026-05-17,-0.01066806772465283,-0.0,-0.0,-2.8128000000000006e-05,-0.010696195724652831
2026-05-18,-0.0041825621821440905,-0.0006000000000000001,-0.00036,-3.295199999999999e-05,-0.005175514182144091
2026-05-19,0.005125410638812179,-0.0,-0.0,-0.00041737900000000006,0.004708031638812179
2026-05-20,0.014889131590262152,-0.0,-0.0,-0.00024317599999999998,0.014645955590262152
2026-05-21,-0.003086658032396339,-0.0,-0.0,8.341000000000007e-06,-0.003078317032396339
2026-05-22,-0.00860471038585332,-0.0,-0.0,-7.2663e-05,-0.00867737338585332
2026-05-23,0.0014300577261129538,-0.0,-0.0,-0.000202193,0.0012278647261129538
2026-05-24,0.01015022702212356,-0.0,-0.0,-0.00019366500000000004,0.009956562022123559
2026-05-25,-0.016969161297061955,-0.0005,-0.0003,-0.00012627500000000002,-0.017895436297061956
2026-05-26,-0.017313152973604452,-0.0,-0.0,-0.00014870400000000005,-0.017461856973604452
2026-05-27,-0.009237629243394841,-0.0,-0.0,-0.00010587600000000001,-0.009343505243394841
2026-05-28,0.009961871342971985,-0.0,-0.0,-0.00011826000000000002,0.009843611342971985
2026-05-29,0.006039384743863176,-0.0,-0.0,-2.5681000000000007e-05,0.006013703743863176
2026-05-30,0.01777230711324497,-0.0,-0.0,-3.2990000000000018e-06,0.017769008113244972
2026-05-31,0.017304084697000368,-0.0,-0.0,-5.3219e-05,0.017250865697000368
2026-06-01,0.02764657117940963,-0.0006000000000000001,-0.00036,-0.00010950200000000001,0.02657706917940963
2026-06-02,0.007532401067536545,-0.0,-0.0,0.009778977000000001,0.017311378067536548
2026-06-03,0.04374704434331167,-0.0,-0.0,0.016814329000000003,0.06056137334331167
2026-06-04,-0.016045890663135755,-0.0,-0.0,0.018509168000000003,0.002463277336864248
2026-06-05,-0.01232053673303514,-0.0,-0.0,0.0004035450000000001,-0.01191699173303514
2026-06-06,0.01059681907318357,-0.0,-0.0,-0.0005682279999999999,0.01002859107318357
2026-06-07,0.0009849820293726837,-0.0,-0.0,9.138000000000033e-06,0.0009941200293726838
2026-06-08,0.01299722504325488,-0.0002,-0.00011999999999999999,-0.00015157000000000001,0.012525655043254879
2026-06-09,-0.017651656504312475,-0.0,-0.0,-0.00015600500000000002,-0.017807661504312476
2026-06-10,-0.02856407389542698,-0.0,-0.0,-3.0200000000000084e-06,-0.02856709389542698
2026-06-11,0.02850091379671687,-0.0,-0.0,-7.117199999999999e-05,0.028429741796716868
2026-06-12,0.017123296555358082,-0.0,-0.0,-0.000126305,0.016996991555358082
2026-06-13,0.004425562435563448,-0.0,-0.0,-4.745000000000002e-05,0.004378112435563448
2026-06-14,0.01827665156312097,-0.0,-0.0,-0.000271925,0.018004726563120972
2026-06-15,0.012016256532673719,-0.0002,-0.00011999999999999999,0.00011816700000000008,0.011814423532673719
2026-06-16,0.0638869661999596,-0.0,-0.0,-9.275100000000001e-05,0.06379421519995959
2026-06-17,0.00924536149265548,-0.0,-0.0,-0.000197963,0.009047398492655479
2026-06-18,0.06733747760115336,-0.0,-0.0,-0.000278259,0.06705921860115335
2026-06-19,-0.02414230994723454,-0.0,-0.0,-0.000117749,-0.024260058947234542
2026-06-20,0.0018863934898274099,-0.0,-0.0,-0.000322554,0.0015638394898274098
2026-06-21,0.02533139505352076,-0.0,-0.0,3.4921e-05,0.02536631605352076
2026-06-22,0.006566040532815033,-0.0001,-5.9999999999999995e-05,8.191599999999998e-05,0.006487956532815032
2026-06-23,-0.03537410860495903,-0.0,-0.0,0.0005904579999999999,-0.03478365060495903
2026-06-24,0.029158328257644753,-0.0,-0.0,0.0054353150000000005,0.03459364325764475
2026-06-25,0.01562440346056854,-0.0,-0.0,0.003718702,0.01934310546056854
2026-06-26,-0.03024909292472168,-0.0,-0.0,0.006935361000000002,-0.02331373192472168
2026-06-27,-0.012152262934746895,-0.0,-0.0,0.011435274000000002,-0.0007169889347468927
2026-06-28,0.00039440731264313127,-0.0,-0.0,0.00458709,0.0049814973126431315
2026-06-29,-0.031109037648433535,-0.0007000000000000002,-0.00042000000000000007,0.009612548,-0.022616489648433533
2026-06-30,0.0152035284979838,-0.0,-0.0,0.013357735999999999,0.028561264497983796
2026-07-01,-0.042801973281642536,-0.0,-0.0,0.0053281890000000005,-0.03747378428164254
2026-07-02,0.001918822138928555,-0.0,-0.0,0.005338688,0.007257510138928555
2026-07-03,-0.05670031547538644,-0.0,-0.0,0.00805068,-0.04864963547538644
2026-07-04,0.16312418869556564,-0.0,-0.0,0.000497399,0.16362158769556565
2026-07-05,0.005679724431153277,-0.0,-0.0,0.000906132,0.006585856431153277
2026-07-06,-0.02184194295805989,-0.0004,-0.00023999999999999998,0.008751292,-0.013730650958059892
2026-07-07,-0.00031410450637565576,-0.0,-0.0,0.003176738,0.0028626334936243444
